Backbone,Test_Pathology_Acc,Test_Density_Acc,Val_Pathology_Acc,Val_Density_Acc,Parameters,Training_Time_min,Epochs,Input_Size
EfficientNetB0,0.39168184995651245,0.3802816867828369,0.6733333468437195,0.4188888967037201,4906537,11.75834800004959,15,"(224, 224)"
ResNet50,0.35395732522010803,0.46038731932640076,0.6822222471237183,0.4911110997200012,24837894,11.718787948290506,15,"(224, 224)"
DenseNet121,0.34536096453666687,0.7103873491287231,0.8677777647972107,0.7522222399711609,7763398,11.791621565818787,15,"(224, 224)"
InceptionV3,0.29241642355918884,0.7103873491287231,0.8822222352027893,0.7255555391311646,23052966,16.08280365864436,15,"(299, 299)"
